Time,Day_of_week,Age_band_of_driver,Sex_of_driver,Educational_level,Vehicle_driver_relation,Driving_experience,Type_of_vehicle,Owner_of_vehicle,Service_year_of_vehicle,Defect_of_vehicle,Area_accident_occured,Lanes_or_Medians,Road_allignment,Types_of_Junction,Road_surface_type,Road_surface_conditions,Light_conditions,Weather_conditions,Type_of_collision,Number_of_vehicles_involved,Number_of_casualties,Vehicle_movement,Casualty_class,Sex_of_casualty,Age_band_of_casualty,Casualty_severity,Work_of_casuality,Fitness_of_casuality,Pedestrian_movement,Cause_of_accident,Accident_severity
12:17:00,Thursday,18-30,Male,Junior high school,Owner,5-10yr,Automobile,Owner,Above 10yr,,Other,Two-way (divided with broken lines road marking),Tangent road with flat terrain,No junction,Asphalt roads,Dry,Daylight,Normal,Vehicle with vehicle collision,3,2,Going straight,Driver or rider,Male,18-30,3,Other,Normal,Not a Pedestrian,Moving Backward,0
12:17:00,Thursday,Over 51,Male,Junior high school,Employee,2-5yr,,Owner,Unknown,,Office areas,Two-way (divided with broken lines road marking),Tangent road with flat terrain,No junction,Asphalt roads,Dry,Daylight,Normal,Vehicle with vehicle collision,3,2,Going straight,na,na,na,na,Driver,Normal,Not a Pedestrian,Overtaking,0
12:17:00,Thursday,31-50,Male,Junior high school,Employee,Below 1yr,Automobile,,,, Church areas,,Tangent road with flat terrain,No junction,Asphalt roads,Dry,Daylight,Normal,Vehicle with vehicle collision,3,2,Going straight,Driver or rider,Male,31-50,3,,,Not a Pedestrian,Driving carelessly,0
2:42:00,Saturday,18-30,Male,Junior high school,Employee,1-2yr,Automobile,Owner,,,Office areas,other,Tangent road with flat terrain,Y Shape,Asphalt roads,Dry,Darkness - lights lit,Unknown,Vehicle with vehicle collision,2,1,Going straight,na,na,na,na,Driver,Normal,Not a Pedestrian,Changing lane to the left,0
2:42:00,Saturday,Unknown,Female,Junior high school,Employee,Below 1yr,Turbo,Owner,,,Residential areas,other,Tangent road with flat terrain,Y Shape,Asphalt roads,Dry,Darkness - lights lit,Unknown,Vehicle with vehicle collision,2,1,Going straight,Driver or rider,Male,31-50,3,Driver,Normal,Not a Pedestrian,Driving under the influence of drugs,0
15:15:00,Thursday,18-30,Male,Junior high school,Employee,Above 10yr,,Owner,Unknown,No defect,  Recreational areas,Two-way (divided with broken lines road marking),Tangent road with flat terrain,Y Shape,Asphalt roads,Dry,Daylight,Normal,Vehicle with vehicle collision,2,1,Going straight,Passenger,Female,18-30,3,Unemployed,Normal,Not a Pedestrian,No distancing,1
15:15:00,Thursday,Over 51,Male,Junior high school,Employee,Below 1yr,Stationwagen,Governmental,5-10yrs,,Other,other,Tangent road with flat terrain,Y Shape,Asphalt roads,Dry,Daylight,Normal,Vehicle with vehicle collision,2,1,Going straight,Driver or rider,Female,31-50,3,Driver,Normal,Not a Pedestrian,Moving Backward,1
7:15:00,Wednesday,18-30,Male,Junior high school,Employee,2-5yr,Automobile,Owner,Unknown,No defect, Church areas,Undivided Two way,Tangent road with flat terrain,Y Shape,Asphalt roads,Dry,Daylight,Normal,Other,2,1,Going straight,na,na,na,na,Driver,Normal,Not a Pedestrian,Changing lane to the left,0
7:15:00,Wednesday,18-30,Male,Junior high school,Employee,1-2yr,Automobile,Owner,Unknown,No defect,Other,One way,Tangent road with flat terrain,Y Shape,Asphalt roads,Dry,Daylight,Normal,Vehicle with vehicle collision,2,1,Reversing,na,na,na,na,Driver,Normal,Not a Pedestrian,Changing lane to the right,0
21:09:00,Tuesday,31-50,Male,Elementary school,Employee,5-10yr,Automobile,Owner,Above 10yr,No defect,Other,Two-way (divided with broken lines road marking),Tangent road with flat terrain,Unknown,Earth roads,Wet or damp,Darkness - lights lit,Raining,Collision with roadside objects,1,1,Going straight,Driver or rider,Male,18-30,3,Driver,Normal,Not a Pedestrian,No distancing,1
7:30:00,Tuesday,31-50,Male,Junior high school,Owner,Below 1yr,Pick up upto 10Q,Owner,5-10yrs,, Church areas,Undivided Two way,Tangent road with flat terrain,No junction,Asphalt roads,Wet or damp,Daylight,Normal,Vehicle with vehicle collision,1,1,Turnover,Driver or rider,Male,Over 51,3,Employee,Normal,Not a Pedestrian,Driving at high speed,1
8:50:00,Friday,18-30,Male,Junior high school,Employee,Below 1yr,Lorry (41?100Q),Owner,Unknown,,Office areas,Two-way (divided with broken lines road marking),Tangent road with mild grade and flat terrain,Crossing,,Dry,Daylight,Normal,Vehicle with vehicle collision,1,1,Going straight,na,na,na,na,Driver,Normal,Not a Pedestrian,Changing lane to the right,0
8:00:00,Wednesday,31-50,Male,Writing & reading,Employee,Below 1yr,Lorry (41?100Q),Owner,Unknown,,Office areas,Double carriageway (median),Tangent road with flat terrain,Y Shape,Asphalt roads,Dry,Daylight,Normal,Vehicle with vehicle collision,2,1,Going straight,Driver or rider,Male,31-50,3,Self-employed,Normal,Not a Pedestrian,No priority to vehicle,0
8:00:00,Wednesday,31-50,Male,Junior high school,Employee,1-2yr,Automobile,Organization,5-10yrs,No defect, Church areas,Two-way (divided with broken lines road marking),Tangent road with flat terrain,Y Shape,Asphalt roads,Dry,Daylight,Normal,Vehicle with vehicle collision,2,1,Going straight,Driver or rider,Male,18-30,3,Driver,Normal,Not a Pedestrian,No distancing,0
9:15:00,Sunday,31-50,Male,Elementary school,Owner,5-10yr,Lorry (41?100Q),Organization,2-5yrs,No defect,Other,Undivided Two way,Tangent road with mountainous terrain and,No junction,Asphalt roads,Dry,Daylight,Normal,Vehicle with vehicle collision,2,1,Going straight,Driver or rider,Male,31-50,3,Driver,Normal,Not a Pedestrian,Turnover,0
9:15:00,Sunday,18-30,Male,Junior high school,Employee,2-5yr,Lorry (41?100Q),Owner,Unknown,No defect,Other,Undivided Two way,Tangent road with flat terrain,No junction,Asphalt roads,Dry,Daylight,Normal,Vehicle with vehicle collision,2,1,Reversing,na,na,na,na,,,Not a Pedestrian,No distancing,0
20:05:00,Friday,Unknown,Female,Junior high school,Owner,Below 1yr,Lorry (41?100Q),Owner,Unknown,No defect, Church areas,Undivided Two way,Tangent road with flat terrain,Y Shape,Asphalt roads,Dry,Darkness - lights lit,Normal,Collision with roadside objects,2,1,Going straight,Driver or rider,Male,18-30,3,Driver,Normal,Not a Pedestrian,Changing lane to the right,0
20:05:00,Friday,18-30,Male,Writing & reading,Employee,5-10yr,Lorry (41?100Q),Owner,5-10yrs,No defect, Industrial areas,Two-way (divided with broken lines road marking),Tangent road with mild grade and flat terrain,Y Shape,Asphalt roads,Dry,Darkness - lights lit,Normal,Collision with roadside objects,2,1,Turnover,na,na,na,na,,,Not a Pedestrian,No distancing,0
13:00:00,Tuesday,31-50,Male,Writing & reading,Employee,5-10yr,Automobile,Owner,Unknown,No defect,Office areas,Undivided Two way,Tangent road with flat terrain,No junction,Asphalt roads,Dry,Daylight,Normal,Vehicle with vehicle collision,2,2,Going straight,Pedestrian,Male,31-50,3,,,Not a Pedestrian,Changing lane to the left,0
13:00:00,Tuesday,31-50,Male,Junior high school,Employee,5-10yr,Automobile,Owner,Unknown,No defect,School areas,Undivided Two way,Tangent road with flat terrain,No junction,Asphalt roads,Dry,Daylight,Normal,Collision with roadside objects,2,2,Going straight,Pedestrian,Female,18-30,3,,Normal,Unknown or other,Driving carelessly,0
17:40:00,Saturday,18-30,Male,Junior high school,Employee,2-5yr,Automobile,Owner,Unknown,No defect,Other,Undivided Two way,Tangent road with flat terrain,Y Shape,Asphalt roads,Dry,Daylight,Normal,Collision with roadside objects,2,1,Going straight,Pedestrian,Female,18-30,3,Driver,Normal,Unknown or other,Changing lane to the right,1
17:40:00,Saturday,Over 51,Male,Junior high school,Employee,Above 10yr,Public (13?45 seats),Owner,Unknown,No defect, Church areas,One way,Tangent road with flat terrain,Y Shape,Gravel roads,Dry,Daylight,Normal,Vehicle with vehicle collision,2,1,Going straight,Driver or rider,Male,18-30,3,Driver,Normal,Not a Pedestrian,No priority to vehicle,1
16:24:00,Wednesday,31-50,Male,Junior high school,Employee,5-10yr,Automobile,Owner,Unknown,No defect,Office areas,Undivided Two way,Tangent road with flat terrain,Y Shape,Asphalt roads,Dry,Daylight,Normal,Vehicle with vehicle collision,2,1,Going straight,na,na,na,na,Driver,Normal,Not a Pedestrian,No distancing,0
16:24:00,Wednesday,18-30,Male,Junior high school,Employee,Above 10yr,Public (13?45 seats),Owner,Unknown,No defect,Other,other,Steep grade downward with mountainous terrain,Y Shape,Asphalt roads,Dry,Daylight,Normal,Collision with roadside objects,2,1,Getting off,Driver or rider,Female,18-30,3,Driver,Normal,Not a Pedestrian,No priority to pedestrian,0
11:10:00,Friday,Over 51,Male,Junior high school,Employee,2-5yr,Public (13?45 seats),Owner,2-5yrs,No defect,Other,other,Tangent road with flat terrain,Y Shape,Asphalt roads,Dry,Daylight,Normal,Vehicle with vehicle collision,2,1,Moving Backward,na,na,na,na,Driver,Normal,Not a Pedestrian,No priority to pedestrian,0
11:10:00,Friday,31-50,Male,Junior high school,Employee,Below 1yr,Automobile,Owner,Unknown,,Other,Two-way (divided with broken lines road marking),Tangent road with flat terrain,Y Shape,Asphalt roads,Dry,Daylight,Normal,Vehicle with vehicle collision,2,1,Going straight,na,na,na,na,Driver,Normal,Not a Pedestrian,No priority to vehicle,0
14:21:00,Friday,31-50,Male,Junior high school,Employee,Below 1yr,Lorry (11?40Q),Owner,2-5yrs,,Other,One way,Tangent road with flat terrain,Crossing,Asphalt roads,Dry,Daylight,Normal,Vehicle with vehicle collision,1,1,Turnover,Driver or rider,Male,31-50,3,Employee,Normal,Not a Pedestrian,Changing lane to the left,0
7:45:00,Wednesday,Over 51,Male,Junior high school,Owner,5-10yr,Automobile,Owner,Above 10yr,No defect, Church areas,Two-way (divided with broken lines road marking),Tangent road with mild grade and flat terrain,Y Shape,Asphalt roads,Wet or damp,Daylight,Raining,Vehicle with vehicle collision,1,1,Going straight,Driver or rider,Male,18-30,3,,Normal,Not a Pedestrian,Changing lane to the left,0
22:15:00,Tuesday,18-30,Male,Junior high school,Employee,2-5yr,Lorry (41?100Q),Governmental,2-5yrs,No defect,Residential areas,Two-way (divided with broken lines road marking),Tangent road with flat terrain,No junction,Asphalt roads,Wet or damp,Darkness - lights lit,Normal,Vehicle with vehicle collision,2,2,,na,na,na,na,Driver,Normal,Not a Pedestrian,No distancing,1
22:15:00,Tuesday,18-30,Male,Elementary school,Employee,Below 1yr,Other,Owner,2-5yrs,No defect,Office areas,Two-way (divided with broken lines road marking),Tangent road with mild grade and flat terrain,No junction,Asphalt roads,Wet or damp,Darkness - lights lit,Normal,Vehicle with vehicle collision,2,2,Going straight,Driver or rider,Male,18-30,3,,,Not a Pedestrian,No priority to vehicle,1
8:55:00,Friday,Over 51,Male,Junior high school,Employee,2-5yr,Pick up upto 10Q,Owner,2-5yrs,No defect,Other,Two-way (divided with broken lines road marking),Tangent road with flat terrain,No junction,Asphalt roads,Dry,Daylight,Normal,Collision with pedestrians,3,5,Going straight,na,na,na,na,Self-employed,Normal,Not a Pedestrian,No distancing,0
8:55:00,Friday,Over 51,Male,Junior high school,Employee,5-10yr,Lorry (11?40Q),Owner,2-5yrs,No defect,Office areas,Two-way (divided with broken lines road marking),Tangent road with mild grade and flat terrain,No junction,Asphalt roads,Dry,Daylight,Normal,Vehicle with vehicle collision,3,5,Going straight,Driver or rider,Male,18-30,3,,,Not a Pedestrian,No distancing,0
8:55:00,Friday,31-50,Male,High school,Employee,Above 10yr,Motorcycle,Owner,2-5yrs,No defect,Other,Two-way (divided with broken lines road marking),Tangent road with flat terrain,No junction,Asphalt roads,Dry,Daylight,Normal,Collision with roadside objects,3,5,Going straight,Passenger,Female,18-30,3,Self-employed,Normal,Not a Pedestrian,Changing lane to the right,0
8:55:00,Friday,31-50,Male,High school,Employee,Above 10yr,Pick up upto 10Q,Owner,1-2yr,No defect, Church areas,Undivided Two way,Tangent road with flat terrain,No junction,Asphalt roads,Dry,Daylight,Normal,Vehicle with vehicle collision,3,5,Turnover,na,na,na,na,,,Not a Pedestrian,Changing lane to the left,0
8:55:00,Friday,31-50,Male,Junior high school,Employee,5-10yr,Lorry (11?40Q),Owner,Unknown,No defect,Office areas,Two-way (divided with broken lines road marking),Tangent road with flat terrain,No junction,Asphalt roads,Dry,Daylight,Normal,Vehicle with vehicle collision,3,5,Turnover,Driver or rider,Male,31-50,3,Self-employed,Normal,Not a Pedestrian,No distancing,0
15:35:00,Sunday,18-30,Male,Elementary school,Employee,1-2yr,Lorry (11?40Q),Owner,Unknown,No defect,Other,Two-way (divided with broken lines road marking),Tangent road with flat terrain,No junction,Asphalt roads,Dry,Daylight,Normal,Vehicle with vehicle collision,1,1,Going straight,na,na,na,na,,,Not a Pedestrian,Overturning,1
19:50:00,Friday,18-30,Male,Elementary school,Employee,5-10yr,Automobile,Owner,Unknown,No defect,Other,Two-way (divided with broken lines road marking),Tangent road with flat terrain,Y Shape,Asphalt roads,Dry,Darkness - lights lit,Normal,Vehicle with vehicle collision,2,2,Getting off,Driver or rider,Male,31-50,3,,,Not a Pedestrian,No priority to vehicle,0
19:50:00,Friday,Over 51,Male,Junior high school,Employee,5-10yr,Automobile,Owner,Above 10yr,,School areas,Two-way (divided with broken lines road marking),Tangent road with flat terrain,Y Shape,Asphalt roads,Dry,Darkness - lights lit,Normal,Vehicle with vehicle collision,2,2,Getting off,na,na,na,na,Self-employed,Normal,Not a Pedestrian,Moving Backward,0
1:40:00,Monday,Unknown,Female,Junior high school,Employee,1-2yr,Other,Owner,Unknown,No defect, Church areas,Double carriageway (median),Tangent road with mild grade and flat terrain,O Shape,Asphalt roads,Dry,Darkness - lights lit,Normal,Vehicle with vehicle collision,2,3,Going straight,Driver or rider,Male,31-50,3,Employee,Normal,Not a Pedestrian,Driving under the influence of drugs,0
1:40:00,Monday,31-50,Male,Junior high school,Owner,5-10yr,Other,Owner,Unknown,,School areas,Undivided Two way,Tangent road with flat terrain,O Shape,Other,Dry,Darkness - lights lit,Normal,Vehicle with vehicle collision,2,3,Overtaking,na,na,na,na,Other,Normal,Not a Pedestrian,Moving Backward,0
1:40:00,Monday,31-50,Male,High school,Owner,Above 10yr,Automobile,Owner,2-5yrs,No defect,Residential areas,Double carriageway (median),Tangent road with flat terrain,O Shape,Asphalt roads,Dry,Darkness - lights lit,Normal,Vehicle with vehicle collision,2,3,Reversing,Driver or rider,Male,18-30,3,Employee,Normal,Not a Pedestrian,Changing lane to the right,0
1:40:00,Monday,31-50,Male,,Owner,Below 1yr,Taxi,,,,Office areas,Two-way (divided with broken lines road marking),Tangent road with flat terrain,O Shape,Asphalt roads,Dry,Darkness - lights lit,Normal,Vehicle with vehicle collision,2,3,Going straight,na,na,na,na,,,Not a Pedestrian,Overspeed,0
15:09:00,Thursday,Unknown,Female,Writing & reading,Owner,5-10yr,Other,Owner,Unknown,,Office areas,Undivided Two way,Tangent road with flat terrain,No junction,Asphalt roads,Dry,Daylight,Normal,Collision with roadside objects,2,2,Getting off,na,na,na,na,Employee,Normal,Not a Pedestrian,Driving under the influence of drugs,1
15:09:00,Thursday,18-30,Male,Above high school,Employee,Above 10yr,Taxi,Governmental,5-10yrs,No defect, Church areas,Two-way (divided with broken lines road marking),Tangent road with flat terrain,No junction,Asphalt roads,Dry,Daylight,Normal,Vehicle with vehicle collision,2,2,Getting off,Driver or rider,Male,18-30,3,,,Not a Pedestrian,Driving carelessly,1
15:09:00,Thursday,18-30,Male,High school,Employee,Below 1yr,Lorry (11?40Q),Owner,2-5yrs,,Residential areas,Undivided Two way,Tangent road with flat terrain,No junction,Asphalt roads,Dry,Daylight,Normal,Collision with roadside objects,2,2,Reversing,Driver or rider,Male,31-50,3,Employee,Normal,Not a Pedestrian,No distancing,1
15:45:00,Tuesday,31-50,Male,Junior high school,Employee,1-2yr,Automobile,Owner,Unknown,No defect,Office areas,other,Tangent road with flat terrain,Y Shape,Asphalt roads,Wet or damp,Daylight,Raining,Vehicle with vehicle collision,1,1,Turnover,na,na,na,na,Employee,Normal,Not a Pedestrian,No priority to vehicle,0
13:09:00,Wednesday,18-30,Male,Junior high school,Employee,Above 10yr,Other,Owner,2-5yrs,No defect,Residential areas,One way,Tangent road with flat terrain,Crossing,Asphalt roads,Dry,Daylight,Normal,Vehicle with vehicle collision,2,1,Moving Backward,Passenger,Female,Under 18,3,Employee,Normal,Not a Pedestrian,Overspeed,0
13:09:00,Wednesday,31-50,Male,Junior high school,Owner,Above 10yr,Automobile,Owner,2-5yrs,No defect,Other,Two-way (divided with broken lines road marking),Tangent road with flat terrain,Crossing,Other,Dry,Daylight,Normal,,2,1,Going straight,Passenger,Female,Under 18,3,Driver,Normal,Not a Pedestrian,Driving under the influence of drugs,0
17:40:00,Thursday,31-50,Male,Junior high school,Employee,Above 10yr,Automobile,Governmental,2-5yrs,No defect,Other,Two-way (divided with broken lines road marking),Tangent road with flat terrain,Crossing,Asphalt roads,Dry,Daylight,Normal,Collision with pedestrians,1,1,Going straight,na,na,na,na,Driver,Normal,Not a Pedestrian,Changing lane to the right,1
14:50:00,Monday,18-30,Male,Junior high school,Employee,No Licence,Automobile,Owner,Unknown,No defect,Residential areas,Two-way (divided with broken lines road marking),Tangent road with flat terrain,Y Shape,Asphalt roads,Dry,Daylight,Normal,Vehicle with vehicle collision,2,1,Going straight,na,na,na,na,Student,Normal,Not a Pedestrian,Changing lane to the right,0
14:50:00,Monday,18-30,Male,Junior high school,Employee,1-2yr,Automobile,Owner,5-10yrs,No defect, Industrial areas,Undivided Two way,Tangent road with flat terrain,Y Shape,Asphalt roads,Dry,Daylight,Normal,Vehicle with vehicle collision,2,1,Going straight,Driver or rider,Male,31-50,3,Driver,Normal,Not a Pedestrian,Changing lane to the right,0
19:15:00,Thursday,Over 51,Male,Illiterate,Owner,1-2yr,Lorry (41?100Q),Owner,2-5yrs,No defect,Other,Undivided Two way,Steep grade downward with mountainous terrain,Crossing,Asphalt roads,Wet or damp,Darkness - lights lit,Normal,Vehicle with vehicle collision,1,1,Reversing,na,na,na,na,Self-employed,Normal,Not a Pedestrian,Changing lane to the right,0
14:20:00,Monday,31-50,Male,Junior high school,Owner,Below 1yr,Other,Owner,1-2yr,No defect,Office areas,Undivided Two way,Tangent road with flat terrain,Y Shape,Asphalt roads,Dry,Daylight,Normal,Collision with pedestrians,1,2,Going straight,Driver or rider,Female,18-30,3,,,Not a Pedestrian,Moving Backward,0
14:20:00,Monday,31-50,Male,Junior high school,Owner,1-2yr,Pick up upto 10Q,Organization,2-5yrs,No defect,Other,Two-way (divided with broken lines road marking),Tangent road with mountainous terrain and,Y Shape,Asphalt roads,Dry,Daylight,Normal,Collision with roadside objects,1,2,Going straight,Driver or rider,Male,31-50,3,,,Not a Pedestrian,No distancing,0
17:34:00,Friday,Over 51,Male,Junior high school,Owner,2-5yr,Pick up upto 10Q,Governmental,1-2yr,,Other,Undivided Two way,Tangent road with flat terrain,Other,Asphalt roads,Wet or damp,Darkness - lights lit,Normal,,2,1,Going straight,na,na,na,na,Driver,Normal,Not a Pedestrian,Overspeed,1
17:34:00,Friday,Unknown,Female,Unknown,Owner,5-10yr,Automobile,Owner,Unknown,No defect,Other,Two-way (divided with broken lines road marking),Tangent road with flat terrain,Other,Asphalt roads,Wet or damp,Darkness - lights lit,Normal,Vehicle with vehicle collision,2,1,Going straight,na,na,na,na,Driver,Normal,Not a Pedestrian,No distancing,1
19:50:00,Monday,31-50,Male,Unknown,Owner,Above 10yr,Long lorry,Owner,2-5yrs,No defect,Other,Double carriageway (median),Tangent road with flat terrain,Y Shape,,Dry,Darkness - lights lit,Raining and Windy,,2,1,Getting off,Passenger,Female,Over 51,3,Driver,Normal,Not a Pedestrian,Driving carelessly,1
19:50:00,Monday,31-50,Male,Junior high school,Owner,2-5yr,Automobile,Owner,Unknown,7,Office areas,Undivided Two way,Tangent road with flat terrain,Y Shape,Other,Dry,Darkness - lights lit,Raining and Windy,,2,1,Going straight,na,na,na,na,Driver,Normal,Not a Pedestrian,Moving Backward,1
14:55:00,Tuesday,18-30,Male,Elementary school,Owner,Above 10yr,Public (13?45 seats),Governmental,1-2yr,No defect,Other,Two-way (divided with broken lines road marking),Tangent road with flat terrain,Crossing,Asphalt roads,Dry,Daylight,Normal,,3,3,Going straight,Driver or rider,Male,18-30,3,,,Not a Pedestrian,Overtaking,0
14:55:00,Tuesday,18-30,Male,Writing & reading,Owner,5-10yr,Lorry (41?100Q),,,,,other,Tangent road with flat terrain,Crossing,Asphalt roads,Dry,Daylight,Normal,Vehicle with vehicle collision,3,3,Going straight,na,na,na,na,Driver,Normal,Not a Pedestrian,Changing lane to the left,0
14:55:00,Tuesday,18-30,Male,,Owner,,Public (13?45 seats),Organization,Unknown,No defect,Other,Two-way (divided with broken lines road marking),Tangent road with flat terrain,Crossing,Asphalt roads,Dry,Daylight,Normal,Vehicle with vehicle collision,3,3,Going straight,Driver or rider,Female,31-50,3,Self-employed,Normal,Not a Pedestrian,Changing lane to the right,0
14:55:00,Tuesday,18-30,Male,Junior high school,Owner,5-10yr,Other,Owner,Above 10yr,,Other,other,Steep grade downward with mountainous terrain,Crossing,Asphalt roads,Dry,Daylight,Normal,Collision with roadside objects,3,3,Reversing,na,na,na,na,Self-employed,Normal,Not a Pedestrian,Overtaking,0
12:50:00,Wednesday,18-30,Male,Junior high school,Owner,Below 1yr,Lorry (41?100Q),Owner,Unknown,,Office areas,Undivided Two way,Tangent road with flat terrain,Crossing,Asphalt roads with some distress,Dry,Daylight,Normal,Collision with roadside objects,2,3,Moving Backward,Pedestrian,Female,18-30,3,Self-employed,Normal,Not a Pedestrian,Overloading,0
12:50:00,Wednesday,18-30,Male,Junior high school,Owner,2-5yr,Lorry (41?100Q),Owner,Unknown,No defect,Office areas,One way,Tangent road with flat terrain,Crossing,,Dry,Daylight,Normal,Vehicle with vehicle collision,2,3,Going straight,Driver or rider,Male,Over 51,3,Driver,Normal,Not a Pedestrian,Other,0
12:50:00,Wednesday,Over 51,Male,Elementary school,Employee,2-5yr,Long lorry,Owner,Above 10yr,No defect, Church areas,other,Tangent road with flat terrain,Crossing,Asphalt roads,Dry,Daylight,Normal,Vehicle with vehicle collision,2,3,Going straight,na,na,na,na,Other,Normal,Not a Pedestrian,No priority to vehicle,0
18:15:00,Tuesday,18-30,Male,Junior high school,Employee,2-5yr,Pick up upto 10Q,Owner,,No defect,Office areas,Double carriageway (median),Tangent road with flat terrain,Y Shape,Asphalt roads,Dry,Darkness - lights lit,Normal,Vehicle with vehicle collision,2,1,Going straight,Driver or rider,Male,31-50,3,,,Not a Pedestrian,Changing lane to the right,0
18:15:00,Tuesday,Under 18,Male,Junior high school,Employee,2-5yr,Pick up upto 10Q,Owner,Above 10yr,No defect,Office areas,other,Tangent road with flat terrain,Y Shape,Asphalt roads,Dry,Darkness - lights lit,Normal,Vehicle with vehicle collision,2,1,Going straight,na,na,na,na,Self-employed,Normal,Not a Pedestrian,Moving Backward,0
8:40:00,Monday,31-50,Male,Junior high school,Employee,5-10yr,Lorry (41?100Q),Owner,Unknown,No defect,Office areas,Two-way (divided with broken lines road marking),Tangent road with flat terrain,Y Shape,Asphalt roads,Wet or damp,Daylight,Raining,Vehicle with vehicle collision,2,1,Going straight,Driver or rider,Male,Under 18,3,Other,Normal,Not a Pedestrian,Changing lane to the left,0
8:40:00,Monday,31-50,Male,Junior high school,Employee,5-10yr,Lorry (41?100Q),Owner,Unknown,No defect,Office areas,One way,Tangent road with flat terrain,Y Shape,Earth roads,Wet or damp,Daylight,Raining,Rollover,2,1,Going straight,na,na,na,na,,,Not a Pedestrian,No priority to pedestrian,0
13:15:00,Saturday,18-30,Male,Junior high school,Employee,Above 10yr,Automobile,Owner,2-5yrs,No defect,Residential areas,Undivided Two way,Tangent road with flat terrain,Y Shape,Asphalt roads,Wet or damp,Daylight,Raining,Vehicle with vehicle collision,2,1,Turnover,na,na,na,na,,,Not a Pedestrian,No distancing,1
13:15:00,Saturday,18-30,Male,Elementary school,Employee,5-10yr,Other,Owner,Above 10yr,No defect,Residential areas,other,Tangent road with flat terrain,Y Shape,Asphalt roads,Wet or damp,Daylight,Raining,Collision with roadside objects,2,1,Going straight,Driver or rider,Male,Over 51,3,Driver,Normal,Not a Pedestrian,No priority to vehicle,1
12:30:00,Monday,18-30,Male,Junior high school,Employee,5-10yr,,Owner,5-10yrs,,Residential areas,Undivided Two way,Tangent road with flat terrain,Y Shape,Asphalt roads,Dry,Daylight,Normal,Collision with pedestrians,1,2,Other,na,na,na,na,,,Not a Pedestrian,No distancing,0
12:30:00,Monday,18-30,Male,Junior high school,Employee,Above 10yr,Other,Owner,5-10yrs,,Office areas,Double carriageway (median),Tangent road with flat terrain,Y Shape,Asphalt roads,Dry,Daylight,Normal,Vehicle with vehicle collision,1,2,Going straight,Driver or rider,Male,31-50,3,Driver,Normal,Not a Pedestrian,No distancing,0
8:35:00,Saturday,Over 51,Male,Elementary school,Owner,,Automobile,Owner,Unknown,No defect,Residential areas,Two-way (divided with broken lines road marking),Steep grade downward with mountainous terrain,Y Shape,Asphalt roads,Wet or damp,Daylight,Raining,Vehicle with vehicle collision,2,1,Going straight,na,na,na,na,Driver,Normal,Not a Pedestrian,Moving Backward,0
8:35:00,Saturday,18-30,Male,Junior high school,Owner,5-10yr,Pick up upto 10Q,Governmental,Unknown,No defect,Other,Two-way (divided with broken lines road marking),Tangent road with flat terrain,Y Shape,Asphalt roads,Wet or damp,Daylight,Raining,Vehicle with vehicle collision,2,1,Going straight,Driver or rider,Male,31-50,3,Driver,Normal,Not a Pedestrian,Changing lane to the right,0
15:48:00,Tuesday,31-50,Male,Junior high school,Employee,5-10yr,Automobile,Governmental,Below 1yr,No defect,Other,Two-way (divided with broken lines road marking),Tangent road with flat terrain,Y Shape,Asphalt roads,Wet or damp,Darkness - lights lit,Raining,Vehicle with vehicle collision,2,1,Going straight,Pedestrian,Male,Under 18,3,Driver,Normal,Crossing from offside - masked by  parked or statioNot a Pedestrianry vehicle,No priority to pedestrian,0
15:48:00,Tuesday,31-50,Male,Junior high school,Employee,Below 1yr,Public (12 seats),Owner,,,Other,Two-way (divided with broken lines road marking),,Y Shape,Asphalt roads,Wet or damp,Darkness - lights lit,Raining,Vehicle with vehicle collision,2,1,Going straight,Driver or rider,Male,18-30,3,Self-employed,Normal,Not a Pedestrian,Moving Backward,0
14:56:00,Sunday,18-30,Male,,,,Automobile,Owner,Unknown,No defect,School areas,Double carriageway (median),Tangent road with flat terrain,Y Shape,Asphalt roads,Dry,Daylight,Normal,Vehicle with vehicle collision,1,1,Moving Backward,na,na,na,na,Self-employed,Normal,Not a Pedestrian,Getting off the vehicle improperly,1
22:30:00,Thursday,18-30,Male,Junior high school,Employee,5-10yr,Other,Owner,Unknown,No defect,School areas,Double carriageway (median),Tangent road with flat terrain,Y Shape,Asphalt roads,Wet or damp,Darkness - lights lit,Raining,Vehicle with vehicle collision,2,1,Moving Backward,Driver or rider,Male,31-50,3,Driver,Normal,Not a Pedestrian,Overtaking,0
22:30:00,Thursday,18-30,Male,Junior high school,Employee,5-10yr,Public (12 seats),Owner,2-5yrs,No defect,School areas,Undivided Two way,Tangent road with flat terrain,Y Shape,Asphalt roads,Wet or damp,Darkness - lights lit,Raining,Collision with roadside objects,2,1,Moving Backward,na,na,na,na,Driver,Normal,Not a Pedestrian,Overloading,0
8:14:00,Wednesday,31-50,Male,Junior high school,Employee,Above 10yr,Stationwagen,Owner,Unknown,No defect,Residential areas,One way,Tangent road with flat terrain,Y Shape,Gravel roads,Dry,Daylight,Normal,Rollover,2,1,Other,na,na,na,na,,,Not a Pedestrian,Changing lane to the right,0
8:14:00,Wednesday,31-50,Male,High school,Employee,Above 10yr,Lorry (41?100Q),Owner,Unknown,No defect,Other,Undivided Two way,Tangent road with flat terrain,Y Shape,Asphalt roads,Dry,Daylight,Normal,Vehicle with vehicle collision,2,1,Going straight,Driver or rider,Male,18-30,3,Driver,Normal,Not a Pedestrian,Improper parking,0